{
    "train_loss": [
        4.692466303881477,
        4.647782955917657,
        4.575043642754649,
        4.472571243959314,
        4.466674398908428,
        4.441078343110926,
        4.436008694592644,
        4.425939311233221,
        4.438377915176691,
        4.423802168229047
    ],
    "val_loss": [
        4.6828827072592345,
        4.628264705807555,
        4.500895591810638,
        4.482782522837321,
        4.465827994253122,
        4.448321899713254,
        4.44660265492458,
        4.444932150373272,
        4.443284986533371,
        4.443121642692416
    ],
    "train_acc": [
        0.021568627450980392,
        0.020588235294117647,
        0.028431372549019607,
        0.0392156862745098,
        0.041176470588235294,
        0.041176470588235294,
        0.040196078431372545,
        0.045098039215686274,
        0.05,
        0.050980392156862744
    ],
    "val_acc": [
        0.022549019607843137,
        0.024509803921568627,
        0.04215686274509804,
        0.044117647058823525,
        0.047058823529411764,
        0.050980392156862744,
        0.050980392156862744,
        0.050980392156862744,
        0.050980392156862744,
        0.050980392156862744
    ],
    "learning_rates": [
        5e-05,
        5e-05,
        5e-05,
        5e-06,
        5e-06,
        5e-06,
        5.000000000000001e-07,
        5.000000000000001e-07,
        5.000000000000001e-07,
        5.000000000000001e-08
    ],
    "phase": [
        "lora",
        "lora",
        "lora",
        "lora",
        "lora",
        "lora",
        "lora",
        "lora",
        "lora",
        "lora"
    ]
}