{
    "train_loss": [
        2.5324576394230713,
        0.2957154077642104,
        0.1552299036699183,
        0.09504496186387305,
        0.10073257312178611,
        0.06240552929686565,
        0.05402389419283353,
        0.06958712069135087,
        0.05119727489483707,
        0.04380353567208729,
        0.025452525628840223,
        0.034562527435813464,
        0.025500604196214208,
        0.03383222072038288,
        0.02992681370244599,
        0.04021085333261712,
        0.0146846458653682,
        0.032443565744724054,
        0.028505607123724092,
        0.020398828202822045
    ],
    "val_loss": [
        0.4668712796533809,
        0.1671750707223135,
        0.1189831425673237,
        0.1007455191593252,
        0.09148368956521154,
        0.08021123085682298,
        0.07710860499783474,
        0.07458259573197175,
        0.07312303442763639,
        0.06766361371367513,
        0.057237800011666964,
        0.05554934731050048,
        0.05429540650951037,
        0.052385529650000894,
        0.05261174448418851,
        0.05154919433521618,
        0.05194186245515833,
        0.05032072222412692,
        0.05055758845764121,
        0.0543683591983555
    ],
    "train_acc": [
        0.6049019607843137,
        0.9774509803921568,
        0.9823529411764705,
        0.9911764705882353,
        0.9862745098039215,
        0.9901960784313726,
        0.9931372549019608,
        0.9872549019607842,
        0.9911764705882353,
        0.996078431372549,
        0.996078431372549,
        0.9911764705882353,
        0.996078431372549,
        0.9911764705882353,
        0.9941176470588236,
        0.9901960784313726,
        0.9980392156862745,
        0.9941176470588236,
        0.9950980392156863,
        0.996078431372549
    ],
    "val_acc": [
        0.9764705882352941,
        0.9911764705882353,
        0.9911764705882353,
        0.9901960784313726,
        0.9872549019607842,
        0.9872549019607842,
        0.9872549019607842,
        0.9892156862745098,
        0.9872549019607842,
        0.9901960784313726,
        0.9921568627450981,
        0.9911764705882353,
        0.9911764705882353,
        0.9941176470588236,
        0.9931372549019608,
        0.9921568627450981,
        0.9931372549019608,
        0.9941176470588236,
        0.9931372549019608,
        0.9901960784313726
    ],
    "learning_rates": [
        0.001,
        0.001,
        0.001,
        0.001,
        0.001,
        0.001,
        0.001,
        0.001,
        0.001,
        0.001,
        1e-05,
        1e-05,
        1e-05,
        1e-05,
        1e-05,
        1e-05,
        1e-05,
        1e-05,
        1e-05,
        1e-05
    ],
    "phase": [
        "frozen",
        "frozen",
        "frozen",
        "frozen",
        "frozen",
        "frozen",
        "frozen",
        "frozen",
        "frozen",
        "frozen",
        "fine_tune",
        "fine_tune",
        "fine_tune",
        "fine_tune",
        "fine_tune",
        "fine_tune",
        "fine_tune",
        "fine_tune",
        "fine_tune",
        "fine_tune"
    ]
}